id,Predicted
32884,0
3169,0
32206,0
9403,1
14020,1
17201,0
879,0
23757,0
10821,0
14355,0
32311,1
31850,1
13595,0
21871,1
16735,1
8040,1
14064,1
17688,1
15507,1
37480,1
17267,1
1670,1
8528,0
15755,0
20770,0
36915,1
33728,1
22969,1
8925,0
144,1
36968,0
36562,1
40868,0
14050,0
10835,0
11042,1
23685,1
24425,0
8725,0
25809,0
24999,1
12662,0
41020,0
756,1
28062,1
6314,1
12357,1
12515,0
23461,1
6108,0
32668,1
38202,1
2464,0
33789,1
15983,0
12893,0
24129,0
27059,0
39196,0
29731,0
27101,0
4500,1
27190,1
3419,1
40576,1
26278,0
38246,1
1631,1
2990,1
37777,1
18428,1
26095,1
32714,0
35636,1
18183,1
216,1
13328,0
24444,0
25602,0
3445,0
33317,1
13282,1
4243,0
13926,1
3270,0
34279,0
34151,1
18143,0
26517,1
8085,1
27441,1
41031,1
25158,0
26621,0
38324,0
8231,0
28107,0
11011,0
532,1
11511,1
22236,0
36852,1
38578,1
10646,0
29822,1
16548,1
2000,0
28517,0
17075,1
6330,1
29675,0
18294,1
23558,0
7945,1
23678,0
11335,1
729,0
20940,0
4168,1
33960,0
11096,1
4009,1
22492,1
6222,1
25749,1
22363,1
15476,1
13028,1
10016,0
10098,0
29959,0
7474,0
13544,1
22979,0
13321,0
15044,0
40190,0
40819,1
6065,1
22232,0
35080,0
6912,0
857,1
35753,0
9590,0
3290,0
34533,0
22846,1
14181,0
12005,0
37977,1
4559,0
22944,0
5987,0
11806,0
6245,1
16227,1
35751,0
10089,1
29632,0
37063,0
31440,0
37493,0
23250,1
13415,1
26915,1
33666,0
25576,0
40348,1
36547,0
33718,0
39440,1
27129,0
6112,1
10329,0
4325,1
24079,1
19565,1
28924,0
2385,1
26749,0
27147,1
8278,1
20190,1
14005,0
37330,0
24135,0
2757,0
8814,1
40163,1
37795,1
26142,0
3986,0
26938,1
28909,0
9060,1
40629,0
26890,0
19651,0
9254,0
9267,1
28238,0
30626,1
25837,0
24965,0
15572,1
18917,0
7775,0
657,0
23505,0
21272,0
14240,1
24203,0
40467,0
2830,0
943,1
4215,1
30156,0
23363,0
29526,0
24387,1
14040,0
14938,1
41100,1
25361,0
26418,0
2004,1
34293,1
23422,0
37635,0
9701,0
15968,1
25441,1
6882,1
36538,0
18392,1
36152,1
28781,0
27941,0
8201,0
38615,1
29650,0
7760,0
17944,0
14422,1
25100,0
37872,0
10861,0
37234,0
5382,1
35028,1
3861,1
34644,1
39220,0
2761,1
3375,1
13270,1
10030,1
36044,1
33469,1
34181,0
23075,1
24450,1
41121,1
31199,1
40291,1
38159,1
24494,0
16954,1
24122,0
9506,0
23336,0
7915,1
37482,0
31678,0
22782,1
35220,0
34066,1
21099,1
14928,0
15638,0
38357,0
28019,0
6136,1
5907,1
39822,0
19735,0
5707,0
12169,1
11583,0
35930,1
6390,1
35834,0
23084,0
26166,1
24007,1
25767,0
21187,0
10183,1
16801,0
1930,0
25076,0
5001,0
11810,0
1430,1
13206,1
21012,0
30358,0
22231,1
3220,1
14154,0
31594,1
30879,0
40055,0
3519,1
11843,1
430,1
24854,0
30591,0
38124,0
29226,0
12513,0
37511,0
39856,0
34220,1
17377,1
12584,0
18838,1
18481,1
1503,0
15917,1
20021,1
13787,0
29518,1
38537,1
37789,0
26702,1
31776,1
12353,1
29525,1
39496,1
34956,0
21255,0
12724,1
28486,0
3715,1
38588,0
29663,0
1077,1
6188,0
28896,0
32046,0
32315,1
28382,0
12079,1
31792,1
7,0
26842,0
19060,0
37700,1
8718,0
8561,0
3928,1
16810,0
13831,0
25543,1
28472,1
2624,0
29910,0
9758,0
4851,0
7029,0
10477,1
20412,1
14111,0
25228,1
13906,1
17147,0
12957,0
22613,1
11342,0
13525,0
10930,1
5822,0
9798,0
38509,0
24873,0
6988,0
11922,1
36338,0
22110,0
2992,0
28751,0
17134,0
16596,0
24510,0
35542,1
9285,1
41048,1
23389,1
40718,0
31693,1
5749,1
41161,0
6660,1
31418,1
39928,0
26862,0
6428,0
22254,0
4156,1
1291,1
11911,1
22874,0
31990,1
32744,0
39392,0
11220,0
33626,1
585,0
35318,0
465,1
27284,1
40110,1
14295,0
20771,1
27248,0
33060,0
9093,0
37403,0
8552,1
32788,0
16604,1
23709,0
19498,1
22691,0
1045,1
16690,1
34123,1
11527,1
11474,1
7947,0
314,0
37054,0
14606,1
34869,0
32697,1
5466,0
21741,0
5457,0
12051,0
21712,0
8494,1
30390,0
23306,0
37935,0
25768,1
17708,0
16846,1
18720,1
18380,0
14471,0
25265,0
38072,1
25541,0
18245,0
18399,1
22825,1
9331,1
13701,0
962,1
8239,0
17128,0
8357,0
19526,0
32156,1
6133,0
5549,0
21215,0
23327,0
30459,1
20484,0
15491,0
33881,1
3154,0
16115,1
2055,1
28089,1
20040,0
25450,0
776,1
26513,0
33619,1
9353,0
25928,1
9284,1
6119,1
10081,0
32033,0
17428,0
19245,0
30780,0
35601,1
40857,1
34402,0
1603,0
17742,1
8658,1
35456,1
27295,0
9126,1
28956,0
38991,0
13316,1
33336,0
12966,0
7707,1
38268,1
38225,0
20562,0
6600,1
1681,0
3886,1
27651,1
20708,0
21161,1
802,0
20275,0
21026,1
4128,1
22524,1
22247,0
35498,1
33615,1
10544,0
476,1
26011,0
17398,0
15001,1
40679,0
32770,1
17516,1
1402,1
20262,1
35156,0
14884,1
5886,1
31645,0
31236,0
27351,1
4086,1
1905,0
26599,1
28040,0
14572,0
5488,1
8223,0
39781,1
12010,0
15010,0
18278,0
35409,0
27070,0
38622,1
22802,0
7481,1
33163,0
15319,1
37503,0
37344,1
29325,1
22768,0
14302,0
31689,1
33410,0
40263,1
21982,0
10308,1
36891,1
36421,0
18400,1
1682,1
19125,0
26640,1
36583,0
32456,1
12627,0
8193,0
22103,0
30968,0
24279,0
1975,1
24991,1
6835,1
30731,0
22199,1
29463,0
37949,0
3944,1
6420,0
40990,0
30496,0
1807,0
11331,0
38815,1
14969,1
15024,0
29015,0
4564,1
40493,1
26584,1
37357,1
22892,1
38891,0
40192,1
4032,1
19152,1
12918,0
39454,1
37279,0
10676,0
40765,1
11917,0
3016,1
10500,0
37837,0
25111,0
10090,1
19067,1
31975,0
31193,1
13455,1
21571,0
38645,0
31699,0
31929,0
27779,1
14563,0
4580,0
24870,0
1282,0
20665,1
39130,0
4241,1
28646,0
33780,1
37749,1
23587,0
26294,1
12296,1
22840,0
12507,1
23631,0
18537,0
6415,0
7330,1
7932,0
1278,0
9520,1
7335,1
19487,1
20070,1
37589,1
22549,0
8375,0
13312,1
34385,0
39827,0
2399,1
4048,1
12153,1
28944,1
2726,0
34124,1
13396,1
25673,1
12821,1
26296,1
28550,1
25153,1
28986,1
5170,1
13214,0
24350,1
27852,0
18501,1
31234,1
11897,0
26191,0
24189,1
4867,1
21234,1
24392,0
23701,1
37522,0
10202,1
18885,1
11204,0
19509,1
40814,0
35258,1
252,0
28788,1
8406,1
21091,1
967,0
7892,0
17687,1
21594,0
19032,1
15452,1
39838,0
6334,0
19497,0
23887,1
19110,0
18251,0
9478,0
16166,0
38245,0
18694,1
17994,0
37634,1
28479,0
11839,1
15538,1
32806,0
4741,0
14019,0
20404,0
19246,1
34398,1
4650,0
22311,0
9025,1
17539,0
28181,1
21108,0
2528,1
18432,0
40678,1
13804,1
6682,1
37457,0
1331,1
21130,1
36370,0
27049,0
36400,1
37665,0
5882,1
4199,0
26216,0
28330,0
39931,0
18349,0
3161,0
17707,0
21802,1
11899,1
1731,1
23681,1
34099,0
7231,0
16307,1
24852,0
5323,0
12311,0
24038,1
14664,0
22306,1
2331,1
9925,1
18457,1
34223,0
9539,0
10671,0
15176,0
24653,1
28066,1
19099,1
12256,0
41109,1
13352,0
38795,1
19237,1
31644,0
30950,1
34819,0
21005,1
38830,0
14858,1
5306,1
27333,0
39909,1
16643,1
210,0
936,1
2362,1
30609,0
61,1
15576,0
1457,0
37006,1
15178,0
39354,0
3798,1
27539,1
13972,1
24521,0
19746,1
16274,0
8156,1
34083,1
37647,1
32918,1
19098,0
31255,0
31965,1
482,0
19365,0
37595,0
24909,1
3836,1
2081,1
11749,0
36175,1
40534,1
10398,1
31710,1
6186,1
33074,0
32664,0
29786,1
12389,1
21794,1
22351,1
25760,0
11821,0
22321,1
17319,1
740,0
29464,1
21297,0
34034,0
1748,0
37708,0
6915,0
11129,0
9975,1
35933,1
32485,1
25399,1
2494,0
29647,1
28414,1
39505,1
1392,0
12585,0
17860,0
26663,0
33116,0
32145,0
21617,0
29027,0
18957,1
13810,0
12172,0
4449,1
18503,1
6521,0
23361,0
15232,0
1992,1
25434,0
7528,0
5687,0
36430,0
5411,1
31178,0
39728,1
5864,1
20948,1
34986,0
37716,0
12080,0
41056,0
28775,1
2158,0
40337,0
3115,0
1687,1
20826,1
11965,1
10125,1
15714,0
9621,1
5421,1
26851,0
22158,1
686,0
31532,1
25367,1
24412,0
33731,1
31383,1
19858,1
7852,0
25080,1
5183,1
12573,1
4740,1
7580,0
20779,1
19663,1
36463,1
38801,0
7161,1
734,0
35665,0
26396,0
7762,1
27419,0
26744,1
2445,0
20233,0
27391,0
4819,1
37053,1
3829,1
9266,0
13969,0
22137,0
15877,0
6810,0
9134,0
20136,0
22920,0
32243,1
625,1
27976,1
16542,0
14749,0
33390,1
40062,1
40916,0
7567,0
5034,1
17766,0
13066,0
24131,0
35540,0
20068,0
20535,0
13501,0
24787,1
33607,0
4750,1
30265,0
37972,1
217,0
40648,0
26266,0
16749,0
36056,1
36726,0
23206,1
32748,1
28772,1
7679,0
34709,1
30052,1
7289,1
1395,0
1962,1
38780,1
2299,0
10497,0
26835,1
2554,0
35207,1
30553,0
9159,0
22026,0
7998,0
39639,1
13058,1
11790,1
29407,0
35951,1
16253,1
2644,1
14989,1
6926,1
20783,1
16401,0
4785,0
12617,0
22201,0
14655,1
16145,1
8006,1
38089,1
29916,0
5102,1
33229,0
39203,1
27603,1
8116,0
3105,0
40645,1
6748,1
30121,1
32904,0
39843,1
37079,0
29728,0
15211,1
4657,0
22508,1
725,0
26954,0
21237,0
28624,1
32670,1
33813,1
8768,0
7438,0
20363,1
28745,1
31535,0
16468,0
2743,1
16404,0
34504,1
32687,1
17095,0
37637,0
21956,0
15296,1
29589,0
40934,1
2247,1
36419,1
35969,1
34365,0
32867,1
36296,1
5231,1
6233,0
5954,0
40,1
15107,1
15555,1
33423,0
28697,1
13970,1
8934,1
35611,0
8358,0
31800,1
33610,1
38362,1
28539,0
2110,0
21628,1
20251,0
1451,1
2269,1
24337,0
36189,1
15002,1
27771,0
30201,0
2868,0
3488,0
6134,1
3242,0
18341,1
36502,1
23087,1
2744,1
29213,1
27650,1
3265,1
37654,0
12044,1
38644,0
5661,1
3818,0
29190,0
14311,0
39346,0
9556,1
34298,0
40015,1
24603,1
1464,1
20737,1
18930,1
28009,1
40804,0
7721,1
2259,0
15230,1
11902,1
37594,0
26226,0
9606,1
5697,0
37170,1
27933,0
20604,1
28791,1
10323,0
2135,1
36804,0
14848,0
34073,0
2300,1
38763,1
28291,0
17698,0
25950,1
7040,0
2111,1
16656,1
17724,0
23219,0
33875,0
32917,0
15822,1
4518,0
40453,1
22788,0
9444,1
25261,0
14417,1
12629,1
30493,1
8161,1
8034,1
24715,0
23038,0
32106,1
6821,1
32588,0
38794,1
8891,0
18606,0
41114,0
15041,1
14084,0
4526,0
10632,0
31504,0
14532,0
3168,0
32776,0
24916,1
4630,1
11770,1
31224,0
37623,0
7258,0
14264,0
39537,1
5148,1
29981,1
14774,0
19599,0
14775,1
24360,1
816,1
21210,0
3269,0
34827,0
5098,1
5712,0
30594,0
29599,1
385,1
38283,1
1985,1
20057,1
9974,1
35390,1
12013,0
36213,0
9672,1
11898,1
1043,1
30084,0
28515,1
4146,1
16423,1
4289,0
31056,1
28681,1
34639,1
30946,0
20882,0
8305,0
31126,1
39984,0
22548,0
1033,0
30441,0
26094,1
19536,1
10709,1
10445,1
24613,0
34555,1
18776,1
11472,1
30934,1
32608,1
34922,1
39123,1
22246,0
9132,1
5921,0
31520,0
21044,1
31832,0
36483,0
35939,0
16426,0
36595,0
23805,0
12430,0
9564,0
12913,0
34815,0
1139,1
19295,0
31432,1
8350,0
13905,0
15375,1
7986,1
6002,0
9527,0
34091,1
32266,0
5815,1
2982,0
21925,0
34810,0
13588,0
3564,0
14320,0
23264,1
9666,1
35073,1
19490,1
25042,1
16284,0
26379,0
30906,1
28281,0
10984,1
29890,1
17909,0
26163,0
32554,1
8270,1
33450,1
17135,0
7524,0
40235,1
33304,0
23734,0
37979,1
17247,1
32548,0
28622,1
9565,0
22457,0
21229,1
20959,0
2322,1
26455,1
7656,1
22972,1
7600,0
28856,0
8225,0
22238,1
12337,1
38479,1
32237,1
22810,1
26678,1
17832,1
32137,0
35194,0
15392,1
19395,1
10241,1
13459,1
22783,1
3177,0
32892,1
24903,1
1557,1
26237,0
7576,1
25617,0
32851,1
29584,1
41058,0
4273,1
36131,0
27792,0
18076,0
32110,1
5941,0
28184,0
19600,1
1791,1
9238,1
32771,1
27131,1
12968,1
1866,1
9010,1
13420,0
33526,1
24677,1
21485,1
20302,1
8845,0
16255,1
29427,1
7364,1
18134,1
17055,1
12599,1
34686,1
30149,0
22655,0
26774,1
30104,0
20572,0
16134,1
27511,1
18427,1
1993,0
19090,0
32397,1
21462,0
28256,1
26061,0
17470,0
22678,1
9186,0
4800,1
30018,1
31856,1
13752,1
30185,1
27593,1
17249,1
20087,1
32755,0
34890,0
2865,0
37483,1
12831,0
18010,0
23439,0
17490,1
38802,0
6736,1
32268,0
33832,1
16010,0
30787,1
36470,0
31377,1
33016,0
23249,0
20503,1
708,1
8777,0
11189,1
4884,0
41113,1
31172,0
17410,0
8295,1
26805,0
37710,0
29930,0
26635,1
17035,1
19078,1
21936,1
36070,1
26169,0
17172,0
2746,0
27821,0
30153,0
12037,1
20273,1
33577,0
30558,0
109,1
12616,1
6315,1
1900,1
8343,1
17702,1
14552,1
21073,0
13278,0
7891,0
30023,1
28569,0
30288,0
4824,1
13658,0
39418,0
24776,0
7427,0
5843,0
22557,1
18742,0
23965,1
27966,1
37825,1
36779,0
17815,1
22213,1
11069,0
38057,1
32462,1
18818,1
37428,0
16728,0
3277,0
14573,1
38024,1
28139,0
14402,1
7602,0
37543,1
13198,1
34641,0
7918,0
14474,0
34029,1
34694,0
7560,0
37221,1
20873,0
32090,0
39327,0
5567,0
2645,0
1673,1
9658,1
18872,0
24766,0
17697,1
4817,0
27980,0
33289,0
37155,0
37866,1
28966,0
29640,0
30400,0
35558,0
9301,1
15124,0
11605,1
7327,0
32231,0
13077,0
5134,1
18989,0
35471,1
17483,1
15019,1
7180,1
8241,1
5114,1
24216,1
682,0
9097,1
24096,1
29965,0
12865,1
36829,0
12431,1
7162,1
31946,0
9317,1
9087,0
30917,1
5288,1
19827,0
17295,0
24198,0
8857,1
30541,0
11097,0
24634,1
31200,0
1570,1
20537,1
22609,0
33019,0
38387,0
27078,1
4347,1
28516,0
15097,1
37931,0
18600,0
39492,0
33485,1
13008,1
7337,1
36125,1
3640,0
21890,1
6526,1
12898,0
40673,0
9055,0
14065,1
37536,0
40385,1
15561,0
16028,1
23680,0
10951,0
32404,1
14416,0
33250,1
30983,0
11562,1
1829,0
7557,0
35477,1
18469,0
40011,1
16054,1
20944,1
8570,1
39608,0
30642,1
17679,0
19723,1
15000,1
34957,0
5329,1
21437,0
4384,0
12285,0
30529,1
12266,0
24081,1
9270,0
17034,0
39345,0
19533,1
32365,1
3931,0
24793,1
34465,0
38457,1
22859,1
26023,0
10943,1
32979,0
27365,0
22108,1
9058,0
6739,0
17854,1
28545,0
16062,0
9549,1
15953,0
13954,0
36414,0
3001,0
33044,1
32944,0
36826,1
39089,0
28847,0
32370,1
9976,0
32677,1
11300,0
22183,1
16595,1
35445,1
39988,0
20693,0
12354,1
29380,0
24349,0
27063,0
27470,1
12461,1
5360,1
6480,1
16467,1
31398,1
11178,0
20911,0
6633,0
8277,1
29350,1
29302,0
18869,0
19511,0
23948,1
6969,1
39879,0
6552,0
27257,0
37807,0
3095,0
3953,1
29285,0
18104,0
11288,0
25418,0
10850,1
27512,1
28390,1
21857,1
15509,1
16483,0
30967,0
14200,0
9737,1
40859,1
36534,1
23120,0
15681,0
14014,1
14453,1
19609,0
11500,1
22546,0
12143,1
36959,1
33031,0
953,1
37648,0
16718,0
32905,1
7781,0
15243,0
40405,0
36896,1
5100,0
608,1
33152,0
34088,1
19711,0
13177,0
354,1
23133,1
17317,1
35693,0
20938,0
5071,0
15481,0
1736,1
31748,0
16655,0
5352,1
25005,1
8482,0
3425,1
15027,0
27118,0
6994,1
37141,1
8692,0
12509,0
37253,1
791,0
8393,1
9685,0
7251,0
23285,1
1808,0
17746,0
8687,0
31449,0
2608,1
27745,0
5795,1
30073,1
19151,0
1796,0
13047,0
30120,1
4968,1
17961,1
8247,0
11550,0
29485,1
2276,0
32995,0
27392,0
29942,1
198,0
3942,1
29983,0
21880,1
20563,0
12709,0
7984,0
9235,0
9648,1
38039,1
1319,0
10369,0
27725,0
7650,0
29448,1
11376,0
7379,1
32707,1
11903,0
35332,1
5186,1
3792,0
34684,1
12299,1
36121,0
3434,0
35963,1
39234,0
32227,0
30172,0
7778,0
12083,1
28160,1
26322,0
26719,1
32906,1
39775,1
2915,1
36553,1
29184,0
36503,1
2531,0
429,0
16572,0
38975,1
5553,0
4283,0
22654,0
38871,0
33103,1
22608,0
19534,0
22845,0
35562,1
28957,1
2296,1
3593,1
34200,0
22653,1
19113,1
33503,1
6551,1
17487,0
31865,0
35765,0
3780,1
23497,1
17887,1
35679,1
39472,0
25973,0
34316,0
35454,0
28588,1
28417,0
1398,0
28821,1
8568,0
1323,0
29514,1
17060,0
35469,0
12179,1
29494,1
31012,1
36508,0
21893,1
4520,1
7401,0
1467,1
18496,0
33984,1
35576,1
39867,0
24483,1
23153,0
9366,1
13577,0
470,0
39329,0
38277,0
4811,0
12030,1
17925,0
262,1
21861,1
10421,1
22252,0
39451,0
4029,0
28431,0
19272,0
5053,1
35286,0
34834,1
29519,1
20163,1
22235,0
24320,1
15411,0
29400,0
6316,0
29242,0
39023,1
31617,1
9313,1
5576,0
8565,1
13610,0
28897,0
3930,1
14945,0
5478,1
24668,0
15670,0
35232,1
15837,0
15750,1
12033,1
22197,0
10178,1
18796,1
1864,1
22970,1
19300,1
12315,0
15239,1
40196,0
40151,0
5260,1
5654,1
39320,1
35499,0
23850,1
1911,0
40266,0
1554,0
17786,0
38381,0
18003,1
22744,1
14607,1
15406,1
25145,0
17056,0
40694,1
11014,1
10853,0
24025,1
18593,0
26448,1
28929,0
34345,1
13399,1
37049,1
9281,1
8059,1
31146,1
32785,1
23204,0
30839,0
2351,1
28904,1
9464,0
32988,1
1786,0
27910,1
16773,0
32780,0
13968,1
38724,1
624,0
6161,1
20717,0
3615,0
9753,1
38384,1
4569,1
27841,1
7815,0
28070,0
35704,0
19211,0
37553,1
16522,0
9792,1
38219,0
36371,0
17053,1
3539,1
5959,1
27239,0
28323,0
6803,0
1895,0
19524,1
36669,0
35497,1
23679,0
18508,1
39480,0
35457,0
20834,1
40674,1
40029,0
34224,1
32571,0
32019,0
32852,1
30571,0
32273,1
39243,0
5787,1
1623,0
2635,0
15769,0
12093,1
21102,1
30269,0
32768,1
33902,1
39490,0
26528,0
5020,1
21046,1
1487,0
12593,0
16947,1
32257,0
7390,0
17000,1
30385,0
35635,0
24463,1
32521,1
9994,1
35155,0
3018,0
25125,0
5726,1
3318,1
26404,1
26812,1
39420,1
24377,1
38177,0
17255,1
1647,0
19045,0
1697,0
39980,1
18206,1
40323,0
25290,0
11658,0
33358,1
14261,1
17054,0
38317,1
17807,0
4421,0
25402,1
9724,1
4165,1
17120,1
37902,0
11574,0
40508,0
8801,1
25862,0
15130,0
9604,1
13039,0
32986,1
34537,0
15914,0
11807,0
8780,0
19471,1
6868,1
21488,0
3253,1
18571,0
29338,1
37915,0
10175,1
32582,0
10863,0
40302,0
39485,1
655,1
25098,1
5211,0
18974,0
323,0
24471,1
30693,1
11191,0
3568,0
35326,1
16230,1
30597,1
6111,1
20915,0
28437,1
4647,0
38857,1
35078,1
304,0
1484,1
6662,1
480,0
11661,1
8821,1
31246,1
18355,0
40710,0
31407,1
28317,0
25526,0
38071,1
28381,1
4615,1
25889,1
38448,1
24018,0
20427,0
17593,1
4265,1
26520,1
6211,0
26063,1
2826,0
31581,1
11732,0
14627,1
21900,0
3929,1
28124,0
38129,1
13914,1
22878,1
3548,0
12774,0
5715,1
4093,0
14180,1
35357,1
10877,1
33717,0
25580,0
31951,1
1640,0
18784,0
17227,1
28050,0
15109,1
18550,0
5401,0
39184,1
9898,0
550,1
6871,0
34214,1
38289,1
19214,0
2767,0
10994,1
12272,1
70,0
11836,1
15564,0
1442,1
22567,1
9661,1
7033,1
853,1
5144,1
7901,1
38661,1
21719,0
12594,0
33994,0
28005,0
10092,1
15297,1
14424,0
33522,1
13552,1
20265,0
30434,1
11501,0
128,1
20020,1
30237,1
14725,1
1175,1
11238,1
24247,0
31443,1
36924,0
28713,0
30534,0
25694,1
25898,1
18529,1
15986,0
12038,1
20178,0
11239,0
27447,0
11398,1
22755,0
11893,0
2772,0
15841,0
28420,0
14657,1
23589,0
23111,1
16511,1
7592,0
3622,0
20822,0
19887,1
15146,0
30235,1
33247,1
469,1
6293,1
27363,1
1240,0
23421,0
39232,1
23745,1
16030,1
19028,1
30017,1
39848,1
24369,0
21546,1
10747,1
8042,1
5946,1
17418,1
31066,0
6605,0
24172,1
11224,0
4448,1
38180,0
29560,1
39903,0
2541,0
11427,0
13624,0
13549,0
28696,1
26766,0
24261,0
27362,0
26885,0
6524,1
861,0
6735,1
40016,0
19085,0
30239,0
23362,0
40928,1
2348,1
1483,0
3785,1
2980,1
8564,1
2182,1
20038,1
14303,1
23297,0
3876,0
21420,0
28945,1
13099,1
31282,1
25315,0
24056,1
21191,1
38666,1
20543,1
25086,0
34495,1
14631,0
4152,1
11635,1
3214,1
15153,0
15145,1
36624,1
4217,0
3461,0
37980,1
33260,1
3150,1
15135,0
10949,1
19966,1
21444,0
21052,1
26701,0
39270,1
7725,1
7594,0
926,0
28589,1
5809,1
40879,0
16729,0
40601,1
2020,0
4619,1
27849,1
21278,1
34024,0
26578,0
12116,1
38234,0
35718,1
40038,1
32491,0
34696,0
39263,0
37288,0
16883,1
20410,1
39522,1
31842,0
16315,0
2174,1
4144,0
17505,1
6612,0
6346,0
26338,0
28695,1
38272,1
2625,0
30047,1
499,1
27720,0
5572,0
1453,0
23677,1
29701,0
37068,0
3855,1
30703,0
36824,1
31025,0
40611,0
39960,0
4855,1
13302,0
12728,0
36489,0
18491,0
35182,0
16156,0
27164,1
37596,1
9712,1
36530,1
40791,0
35844,0
15956,0
12895,1
75,1
10656,1
26923,0
3719,1
24294,0
12871,0
26991,0
17313,0
23542,1
20417,1
34318,1
31072,0
6705,0
25423,1
17537,1
311,1
5227,1
19951,0
5893,1
35387,1
40702,0
32469,0
30377,1
26131,0
35629,1
10915,0
7809,0
37224,0
24404,0
24753,1
17781,1
7718,1
17002,1
26982,0
36132,1
25131,1
12068,1
6100,1
23269,0
25485,0
7201,1
33219,0
10586,0
28573,0
4183,1
39739,1
3933,0
39363,0
8256,1
28936,1
6401,1
6824,1
18560,1
438,0
21578,1
8904,0
30655,0
19244,0
2969,0
5757,1
15865,1
20934,1
27352,1
35338,0
34768,1
29469,1
3979,0
5875,1
12962,1
21178,1
36363,1
36052,1
26748,0
33909,0
7468,0
22186,1
24737,0
1072,0
8586,0
30252,0
11321,1
40704,1
34183,1
6742,0
16410,1
32458,0
11237,1
35592,1
26127,0
9810,1
38630,1
17581,1
29471,1
16731,0
23278,0
19820,1
40185,0
21388,1
40907,0
27984,0
3000,1
22305,1
1,1
34751,0
14528,0
20920,1
27154,1
7321,1
25050,1
9401,1
30524,1
1426,1
29071,1
27057,0
10575,1
39271,1
31121,1
19492,0
13687,1
9738,1
25813,0
31974,1
1656,1
26243,0
26603,1
7325,1
32405,1
40090,1
1034,0
13857,0
36149,1
37808,0
29698,0
21030,1
896,1
35374,0
2877,1
5321,1
37012,0
23163,0
2907,1
32807,0
39186,0
18123,0
27590,1
20883,0
34210,0
10008,1
8317,0
13059,0
8238,0
38876,1
27217,0
40589,1
33843,1
14381,0
29313,0
1675,1
21668,0
34863,0
14006,0
5881,0
39350,1
32170,1
2231,0
30918,1
6914,1
33520,1
34725,0
13,0
2814,0
33347,1
23770,1
20492,0
18564,0
1418,1
1536,0
15459,0
12505,0
15780,0
14851,1
33911,1
10600,0
13639,0
9985,1
8135,0
8932,1
23743,0
14198,1
11905,0
36094,0
39393,0
16026,0
24155,1
26697,1
17975,0
36904,0
30243,0
1784,1
1213,0
28319,0
6324,0
37997,1
23976,1
23451,0
27427,1
40378,1
11225,1
37163,1
33849,0
9779,1
21978,1
11104,0
34337,1
6515,1
38007,1
40030,1
21396,1
38853,0
39409,0
20164,1
27805,0
8439,1
26377,1
2813,1
2875,0
13069,1
49,1
25414,1
38983,0
16414,1
8659,1
21597,0
22649,0
4203,1
13320,0
33111,1
16298,1
27111,1
37162,1
631,1
14703,0
12064,0
12230,0
31033,0
30278,0
3248,1
31275,1
27695,0
18809,1
24740,1
23883,0
20416,1
6433,0
35389,0
15431,0
29180,0
21960,1
21567,0
14314,1
29843,0
30094,0
12426,0
11878,1
37936,1
39486,1
32023,1
12981,1
32122,0
29474,1
20634,1
6194,0
38322,1
26837,1
30044,1
26703,1
38380,1
26618,1
36839,1
12730,1
9263,0
1174,1
21910,1
26392,0
29779,1
23080,0
19048,0
36504,0
17228,0
596,1
35452,0
14018,1
14233,1
16797,1
10996,0
3899,0
40451,1
24177,0
1478,1
40054,1
1078,1
35824,0
15283,1
39782,0
30365,1
18303,0
471,1
31267,0
16966,1
36195,1
35691,1
38708,0
6231,0
21320,0
32162,1
26059,0
17681,0
33348,0
27893,0
23149,0
36950,0
19914,0
36315,1
27555,0
30226,0
23273,1
27148,0
15609,1
3391,0
37758,0
6698,1
19626,1
20912,0
31906,0
29358,0
37629,1
32460,0
34623,0
6985,0
3350,0
30675,1
26002,0
13315,0
10157,1
12705,0
9806,1
6847,1
28335,1
40177,0
22638,0
32428,0
13267,0
1566,1
428,0
15652,1
20351,1
7132,1
7062,1
96,1
35543,0
25672,0
27121,0
10936,0
21056,0
23441,0
35697,0
7149,0
25604,0
23575,0
27620,0
6039,1
7411,0
28159,0
3460,0
19788,0
19608,1
6043,1
2265,1
37081,0
1162,1
28830,0
12547,1
20283,0
34853,1
3628,1
38123,1
2893,0
12946,1
3431,1
39710,0
8409,0
1413,1
13108,0
33440,1
8471,1
12839,1
29999,1
35233,0
6024,1
39515,0
14221,0
3356,1
26949,0
36097,0
17657,1
13736,1
16055,0
8021,1
29653,0
13130,1
447,1
22856,0
800,1
20123,1
17714,1
40000,1
24567,1
3885,0
33238,1
38561,1
16601,0
30827,1
21261,1
23882,0
34607,0
19671,1
12725,0
34589,0
25941,0
13197,0
26632,1
26229,0
26803,1
7315,0
27891,0
16416,1
6759,1
15435,1
10648,1
204,1
3416,0
12477,1
31796,0
33058,0
28771,1
1562,1
584,1
13014,0
29030,1
35372,0
10189,1
21331,1
34452,0
4201,0
18115,1
36969,0
26315,0
14074,0
22665,0
2791,0
16953,1
5960,0
37668,0
22294,0
12800,1
13793,1
14487,1
37290,0
21656,1
3281,1
34609,1
18264,0
19570,1
8090,0
18607,0
33311,0
86,0
724,1
35858,1
38942,1
14085,1
30261,0
16248,1
27894,0
17126,0
15897,0
31223,1
23514,1
12136,1
18219,1
14632,0
10134,1
24629,1
9548,0
2325,1
6482,0
27347,0
17039,0
13660,1
2585,0
39413,0
18203,1
6481,0
21208,1
39727,0
8713,1
30546,1
18894,1
22795,1
38101,0
21535,1
24046,1
1023,0
20819,1
3698,0
18097,0
12690,1
38541,0
35115,0
34440,1
7706,1
12081,0
7229,0
32470,1
30765,0
1763,1
4913,0
6442,1
23947,1
1270,1
29449,0
22316,1
39009,0
27262,1
1232,0
30748,1
13062,0
11813,0
24176,0
6434,1
7827,0
22417,0
16190,0
2595,1
1188,0
19351,1
18180,1
13655,0
40472,0
17354,0
35053,0
13754,0
37549,0
13659,1
21593,1
7729,1
9928,0
1303,0
39662,1
24126,1
30700,1
22730,1
39255,1
25581,0
1599,1
2149,1
27522,1
39533,1
36080,1
16804,1
11275,0
8541,1
29919,0
16552,1
37399,1
29865,1
9036,0
39823,0
27214,0
20231,0
22579,1
9240,0
10428,1
2133,1
2650,0
40550,0
30759,0
14907,1
30965,1
15665,1
8500,1
6972,0
13574,1
11963,0
16268,0
9561,1
11404,1
20060,0
5692,0
40654,0
22083,1
36564,0
5262,1
26468,0
38363,0
34547,0
4237,1
13904,1
26770,1
35309,0
27617,1
2116,1
35602,1
26780,1
10381,1
36350,1
25320,1
35998,0
21222,1
37047,1
24915,0
27275,1
263,0
10065,0
19869,1
273,1
31354,1
4990,1
16918,1
15594,1
5920,0
36340,1
1194,1
13797,1
31339,1
6675,1
27986,1
14854,1
34074,0
36740,1
4160,1
31313,1
35593,1
14766,0
39518,1
37896,1
10628,0
22122,1
36205,0
32761,0
40957,0
29547,0
15885,0
36862,0
40316,0
6013,0
3502,1
14095,0
14223,1
31369,1
21626,0
29370,0
40822,0
8957,0
25165,0
15838,1
16357,1
19848,0
21701,0
26993,0
12613,0
1157,1
36796,0
24138,0
16316,1
39846,0
10718,0
15783,0
28599,0
14508,0
41074,1
24731,0
37666,0
26321,0
14483,0
30345,0
25690,0
27055,1
7886,1
2741,1
6493,1
343,0
19546,1
27095,0
39829,0
31867,0
13360,0
3230,0
38985,1
32190,1
2308,1
28519,0
31155,1
39077,1
6904,1
10765,0
10406,1
12607,1
25066,1
1699,1
24461,0
31989,0
23230,0
14344,1
36409,0
30085,1
4401,0
27178,0
10240,0
18507,1
12310,0
12678,1
19855,0
38372,0
505,1
25295,0
34388,1
8421,0
23556,1
10031,0
41088,0
37331,1
19645,1
21561,1
18686,1
3643,0
7948,0
16367,0
39500,0
35606,0
34736,0
3555,1
31687,0
3581,0
31494,1
322,1
4455,0
20407,1
28814,0
10324,1
19189,0
26428,1
36693,1
15143,1
25861,1
14747,0
34685,1
17289,1
6870,1
10859,1
31681,0
29251,1
28110,1
11367,1
12138,1
621,1
24228,1
39918,1
32935,1
22854,1
25077,0
19304,0
32902,0
31456,1
15337,1
14463,1
27722,0
15726,0
19722,0
21069,0
4548,0
33395,1
12168,1
28612,0
26594,1
15140,0
36822,1
34451,0
40745,0
40779,1
509,0
36307,1
22909,0
29674,0
14612,1
20198,1
7755,0
32340,1
25786,1
10665,1
5754,1
6703,0
37178,0
12301,1
37342,1
24695,0
26944,1
36285,0
2649,0
10882,1
27012,0
39302,0
26864,0
14934,0
6072,1
20585,1
28455,0
13370,0
40461,1
19833,0
8879,1
36217,1
4672,1
6367,1
8919,0
28651,1
38922,1
20869,1
32532,1
25764,0
20962,1
3141,1
26176,0
11072,0
4506,0
18270,1
33072,1
2984,0
8363,0
748,1
5219,1
39044,0
377,1
22464,0
32531,0
15603,0
9856,0
11060,1
31565,1
13685,0
35669,1
23162,1
12480,0
32234,1
7745,1
29281,1
27748,1
13745,0
4280,0
22284,1
3510,0
5199,1
3074,0
11504,1
7375,1
25303,1
25888,1
16413,1
33959,1
11849,0
4034,0
2240,0
23015,1
40878,1
4047,1
16951,1
41054,0
26522,0
36643,0
32129,0
180,1
11165,1
38506,0
1616,0
38094,1
3049,0
33424,1
11499,0
31983,0
8721,0
4556,1
7193,0
20994,0
16487,1
8824,0
39019,1
29091,1
22894,0
17183,1
19357,1
13167,1
23536,1
30178,0
30469,0
25335,0
31765,1
27108,1
23420,0
17723,1
32192,1
3418,0
22664,0
29397,1
14499,1
18189,1
2043,1
30711,0
33441,0
1243,1
37928,1
36690,0
39841,1
39581,1
32751,0
24136,1
13166,1
37024,1
2858,1
7133,1
35116,1
30939,0
25239,1
6892,1
20759,1
22035,0
21660,0
11578,1
26112,0
6267,1
1346,1
1179,1
15718,0
9057,0
11827,1
3102,0
13078,0
8383,1
5342,0
34458,1
2277,1
13614,1
5770,0
4850,0
25024,0
39497,1
4639,0
22983,0
18218,0
29146,1
38285,1
35838,1
34413,1
30417,1
19682,1
23414,0
16394,0
30394,0
38036,0
17353,0
6529,1
30942,1
9035,1
29949,0
20937,0
38358,1
17406,0
16540,1
9473,1
27683,1
501,0
9532,1
20797,0
29529,0
23692,1
17235,1
3604,0
24023,1
2885,0
16432,0
40937,1
31327,0
12144,0
26527,0
2935,0
17722,1
10869,1
4095,0
8960,0
18906,1
17680,1
4689,1
40855,1
32045,0
32339,1
316,0
14001,1
12843,1
21858,0
14840,1
40336,1
31469,1
12058,1
1332,0
14121,1
32361,0
19204,0
10365,0
278,0
12216,1
27300,1
2374,1
16971,1
13082,1
31052,0
21920,0
17466,1
25696,1
40173,1
32120,0
5354,1
374,0
5857,1
2087,0
27390,0
3104,1
14324,1
29761,0
7499,0
11259,1
10803,1
1253,1
17271,0
37966,0
23774,0
31281,1
36160,1
11222,1
21328,1
30627,1
4932,1
2360,1
17518,0
37359,0
29985,0
15800,1
9750,0
4291,0
22587,1
30304,0
27744,0
29093,0
12492,0
28296,1
20094,1
14337,1
2323,1
498,1
25859,1
37854,0
11764,1
17644,0
25775,1
33899,0
26750,0
23656,0
7544,0
13517,1
26152,0
27297,1
32349,0
18810,0
396,0
8842,1
19831,0
10797,1
9682,1
8111,0
19372,0
8477,1
37712,1
32256,0
25639,1
22175,0
10277,1
9786,0
28175,1
9790,1
28871,1
33826,1
10840,0
30986,0
14798,1
13032,0
10921,1
6275,1
5223,0
26510,1
37273,1
15188,1
35027,1
30477,1
19334,1
27866,1
25193,1
26195,0
24275,1
30465,1
17125,0
5198,0
11912,0
26261,1
5683,0
7112,1
40938,1
32384,1
24640,1
12119,0
5011,1
3227,0
8037,1
8975,1
16906,0
5503,1
21318,1
26782,0
11933,0
33795,0
4336,0
16176,1
475,1
25516,0
22817,1
35217,1
32111,0
23802,0
928,0
12759,0
7516,1
20636,1
22862,1
29563,1
12471,0
18873,1
30192,0
19305,0
25386,1
14807,1
35343,0
29137,1
23801,1
22396,1
23179,1
457,0
4543,0
27371,1
27911,1
18597,0
5121,0
37177,1
1638,0
25718,0
23844,0
20386,0
20232,0
8410,0
1219,1
3843,1
3705,0
3388,0
6361,0
7732,0
26254,0
20885,1
9163,1
22697,0
27705,0
17191,1
29834,1
36785,1
24117,0
14280,0
21080,1
33600,0
9351,0
34423,0
2290,1
22446,1
8602,1
6839,0
39771,1
3028,0
7974,0
7402,1
38511,1
10153,0
34718,1
8618,1
4,0
35803,1
5865,1
19442,0
1668,0
28443,1
6427,1
28857,0
19387,0
20066,1
22285,0
35682,1
32134,0
27556,1
27097,0
18851,0
5159,0
911,1
13070,1
22460,0
37534,1
33603,0
9419,0
14756,1
20383,0
30724,1
1000,1
2505,1
33033,0
33981,0
10802,1
20285,1
772,1
5195,0
38562,1
31102,0
22628,0
20743,1
6394,1
28628,1
33775,1
18513,1
14403,0
34492,0
22946,1
277,0
32741,0
22317,1
27134,0
40213,0
32135,0
20521,0
22062,1
2279,0
1912,0
37499,0
27929,1
38603,0
5751,0
24305,0
22121,1
20728,1
7336,0
6193,0
19850,0
20379,0
27479,1
4056,0
19872,0
18113,1
30491,0
29821,0
7212,1
24516,1
4285,0
1146,0
23498,0
21391,0
21349,0
5874,0
20949,1
13326,0
36036,1
36973,0
25347,1
38262,1
261,1
2145,0
32550,0
30215,0
35231,1
7759,1
8596,0
28183,0
10221,1
26571,0
40509,0
9392,0
35528,1
2507,0
28352,0
22146,0
19805,1
25391,0
12160,0
6340,1
16420,1
17822,0
34637,1
18188,1
26257,0
11762,1
1427,1
38307,1
9169,1
35856,1
36240,1
7579,1
20835,1
39105,0
2730,1
18478,0
29010,1
20986,1
21276,0
33504,0
35103,0
22188,0
6573,0
33437,1
18973,0
2622,0
19898,1
1801,1
12955,1
7609,0
7406,1
38744,1
34491,1
5225,0
10888,0
8420,0
5030,1
1285,0
20009,0
3243,0
7294,0
6670,1
1901,0
35424,0
516,0
3108,1
1416,1
15895,0
36597,1
28004,0
985,1
15738,0
36457,0
23125,0
28530,1
8668,1
24963,0
26873,0
40464,0
566,0
18046,1
30656,0
16614,0
8510,0
9381,1
19849,1
17792,1
28447,1
18488,0
29634,1
39293,0
21993,1
38306,1
4949,1
38096,0
18336,1
13466,0
12900,1
12611,0
37222,1
12708,0
35308,0
36846,0
26041,0
11644,0
25070,0
17372,1
20240,1
2496,1
36437,0
40198,0
27838,0
14558,0
9731,0
38894,0
17284,0
21892,1
10200,0
36655,1
30006,1
25454,1
18735,1
6014,1
7722,0
13991,1
6689,0
19036,0
1052,1
16041,0
3056,1
3619,1
26610,0
6620,1
33772,0
27845,0
11484,0
25260,0
38117,0
29126,0
35485,0
4998,1
1012,1
31303,1
9577,0
41025,1
10874,0
31082,0
1109,0
28199,0
5035,0
30997,0
21374,0
24268,0
39482,0
20042,1
1107,1
33887,0
1133,1
24163,0
29827,1
23784,1
34473,0
41152,1
28660,0
37724,0
18955,0
7094,1
15081,0
22801,1
40104,1
26980,1
26067,0
35453,0
14475,1
35814,1
20205,1
29524,0
38566,0
37274,0
10393,0
6246,0
28418,0
26068,0
16858,1
20525,0
32488,1
9858,0
22214,0
19847,1
31589,1
8188,1
2825,1
33622,1
32319,0
21077,1
1491,1
39716,0
26343,0
37875,1
33481,1
4729,1
25887,0
39094,1
30829,1
7578,1
15871,1
15959,1
26444,0
30203,0
2856,1
13236,0
26538,1
10388,1
18614,1
14658,1
20571,0
843,0
22642,1
6902,1
36239,0
16207,0
15731,0
12971,1
32461,0
479,1
34307,0
5676,0
12063,0
7980,0
266,1
38497,1
6319,0
1090,1
14384,1
11082,0
14428,0
1124,0
38679,0
26620,1
3193,0
36112,1
34659,0
20613,1
18370,1
39425,1
16875,0
16221,0
14592,0
15703,1
9766,0
1048,0
40786,0
8475,0
28726,0
26439,1
35694,0
2952,1
28730,1
409,1
35977,1
26187,0
35331,1
31452,0
39861,0
26100,0
29766,1
10480,1
26065,0
5646,1
4508,1
30081,1
842,0
37196,1
14876,1
19594,1
32861,1
9767,1
14806,0
16114,1
19809,1
12623,1
37042,1
33188,0
2150,0
31913,1
10520,1
5426,0
2680,0
7586,1
17863,1
26080,1
9694,0
7836,1
20197,0
573,0
5662,0
28058,1
1465,1
884,1
32742,1
9003,0
6046,1
3438,0
25571,1
10226,1
3441,1
1846,0
2029,1
2851,0
7844,1
33512,1
2561,1
16372,1
4419,1
38943,0
18367,1
4504,1
36813,1
6802,1
21901,1
12200,0
13757,0
37052,0
34535,0
29839,1
21963,1
27448,1
30181,0
35199,1
31790,0
25980,0
12372,0
10347,0
31762,1
19196,1
20155,1
30474,1
19080,0
27865,1
37341,1
31620,0
33378,1
27182,1
35136,0
8013,0
11028,1
40740,0
9194,0
39175,0
19774,0
6049,0
12214,1
25779,1
108,0
33061,1
39025,1
28266,1
28752,0
26305,0
18505,0
10527,0
14981,1
32164,1
34238,1
23266,0
1108,1
13611,1
14454,0
34153,1
31729,1
20377,1
25437,0
16872,0
32181,0
9000,0
24626,0
23374,1
18769,1
31515,0
40759,1
17736,0
36808,0
17432,1
30999,0
28774,0
33357,1
33333,1
24971,1
890,1
6036,0
25615,1
441,0
27698,1
19303,0
10644,0
29986,0
15356,0
31807,0
32719,0
491,0
6809,0
17474,0
38430,1
28449,0
609,1
1968,1
38105,0
23311,0
28698,0
22930,0
25224,1
38353,0
34140,0
17631,1
3142,1
22406,1
1339,0
21089,1
20876,0
9398,1
34242,0
25583,1
8920,0
20148,1
1441,1
17520,1
10243,0
22381,0
35783,1
32871,0
30716,1
3935,0
4974,1
30030,0
25353,1
18911,0
10410,0
13748,1
3035,1
8647,0
5286,1
38149,1
26047,0
1131,0
40361,0
8729,1
24093,0
6808,0
29639,1
7298,1
6921,0
17608,1
14921,1
2863,1
33177,1
18282,0
16337,1
26597,0
25404,1
17340,1
8388,0
14914,1
2232,0
32326,0
12628,0
32431,1
15526,0
26948,1
6165,0
21921,0
10843,1
3219,0
4859,1
25631,0
27204,0
30479,1
39385,1
37591,1
17799,0
37523,1
30343,1
36092,0
31641,1
36531,1
5504,0
6933,0
26004,0
31738,1
20616,0
5653,0
4738,1
14654,1
31360,1
19224,0
11466,1
28359,0
39548,1
22953,1
24401,1
10063,1
268,1
33839,1
16900,0
16323,0
4387,0
37082,0
40297,0
36295,1
1553,0
24928,1
32493,1
13226,1
38651,1
12733,0
35807,1
1423,1
52,1
35099,0
274,0
26357,1
37705,0
13993,0
23103,0
10276,1
21010,1
34714,1
10598,1
28925,0
38959,0
14190,0
35071,1
17984,1
36580,1
22667,1
24631,0
18002,0
3840,0
27999,1
27093,0
30726,1
19253,1
14611,1
31631,0
18159,0
30473,0
29585,0
23597,1
16305,1
16050,0
14156,0
22112,0
14750,0
3077,1
24164,1
11895,0
13125,0
18305,1
20118,0
11024,0
13192,0
4178,0
15578,0
10901,0
24803,1
28973,0
9248,1
30012,0
10171,0
24318,0
17828,0
2532,0
24568,1
4530,1
19261,1
34061,0
24923,1
21547,1
1396,1
27237,1
21882,1
23,1
34355,0
24403,0
23058,0
8339,1
940,1
9905,0
5640,1
31595,1
23160,0
8723,1
34873,0
34999,0
14125,1
1788,1
24420,1
34189,0
8022,0
20450,0
25925,0
1512,0
6648,0
8969,0
35555,1
5152,1
34037,1
33651,1
31964,1
27639,1
5563,1
11368,1
6757,1
21501,1
9929,1
2306,1
6350,0
13997,1
29456,0
308,1
10137,0
34626,0
12945,1
28965,0
13922,1
35325,1
15653,1
12376,0
28800,1
38973,0
2138,1
5841,1
39875,1
34102,0
15180,1
7525,0
32250,1
10986,0
8537,1
26521,0
41137,1
9932,1
40535,1
6699,1
3922,1
8341,0
21362,0
17176,1
34559,0
35928,0
39083,1
10849,1
2273,1
37488,1
17315,0
34203,0
18326,1
27312,1
37339,1
1704,0
9291,0
9836,1
2527,1
20794,1
39112,0
31671,1
7301,1
24979,0
37310,0
36906,0
14740,1
32558,0
36775,1
7969,1
16429,1
13792,0
36215,0
29442,1
7780,0
1113,1
32187,1
21308,0
13431,1
26927,0
28123,1
40961,0
35334,1
8374,1
1576,1
5373,1
17775,0
4815,1
20560,1
20443,0
38482,0
9192,0
8326,1
14090,0
15258,0
13061,1
10279,1
30735,1
10630,1
17419,1
7555,0
31175,0
27767,0
9997,1
15826,1
38013,1
21855,0
10138,0
39441,0
12148,0
25513,1
6404,0
15912,0
28459,1
36200,1
35623,0
30757,1
39318,1
2760,0
34045,0
32147,0
23417,1
16765,0
32839,1
523,1
27495,0
17977,1
1165,1
22769,0
32838,0
28169,1
36537,1
5042,0
30300,1
22125,1
13208,0
38530,1
35314,1
1819,0
22390,1
9207,1
35241,1
14564,0
7142,1
13144,1
28450,0
16620,0
11858,0
19587,0
25282,0
12362,1
40039,1
12711,0
15113,1
9562,0
16200,1
35841,1
342,0
37670,0
18887,0
40746,0
7615,1
39561,1
26185,0
19993,0
8492,0
5667,0
39091,0
13089,1
21250,0
30792,0
10075,1
23865,1
1590,0
22078,1
31062,1
3085,1
37805,1
8739,1
18192,0
27381,1
8321,0
28452,0
25096,1
40962,0
22747,1
17656,1
26330,1
6753,0
7625,0
5501,1
19785,0
38424,1
38267,1
9640,0
3106,0
28528,0
17894,0
9287,1
34778,1
18234,1
35416,1
23636,1
2237,1
4563,0
20772,1
13927,0
37514,0
17782,0
33962,1
38507,0
2286,0
40995,0
32612,1
40856,1
14208,1
9021,0
26001,1
41041,1
39570,0
28422,1
32213,1
5216,1
12892,1
22176,0
19326,0
34838,0
23030,1
27296,1
35561,1
38670,1
23605,0
15785,0
37140,0
13617,0
31830,0
32545,0
38496,1
24585,1
23775,1
19661,1
11815,0
6326,0
19841,0
40591,0
15298,0
37607,0
19794,0
14723,1
21433,1
4202,0
25841,0
14348,1
9842,1
1412,1
24711,1
38254,0
10499,1
2185,1
14652,0
32322,1
21480,0
14644,0
38442,1
29185,1
1876,0
33817,0
16109,1
34573,1
14894,1
2891,0
37187,0
36827,0
24184,1
33952,0
3635,0
22095,1
4157,1
22290,0
23788,1
20261,0
21629,1
26054,1
35983,1
9040,1
14710,1
30241,1
32208,0
28007,0
32274,1
28170,0
3737,0
39286,1
21481,1
18094,1
26858,1
33511,1
8122,1
39199,0
3113,1
22034,0
25769,0
19376,1
25352,1
564,0
5343,0
9129,1
17281,0
34597,1
27861,1
39637,0
8966,1
5395,0
30904,1
39053,0
13983,0
25656,0
2525,1
20554,1
13962,1
39634,1
19851,0
17989,0
14555,1
22753,0
12830,0
34985,0
26075,1
35413,1
32941,1
39569,0
25528,0
32280,0
36335,1
33475,0
23399,0
17834,0
22749,1
34860,0
39556,1
12107,1
27318,0
37679,0
16930,1
8274,1
251,1
37839,1
11626,0
11426,0
25972,1
11872,0
39762,1
25243,0
6146,0
681,0
9073,0
26852,0
22098,0
3852,0
8952,1
16188,0
18739,0
8790,1
35833,0
28792,1
9006,1
3835,0
35915,1
14131,0
15676,0
7409,1
28023,0
10054,0
32331,1
34789,0
10873,1
34403,0
17511,0
32465,1
2229,0
34771,1
11077,0
28996,1
28591,0
19783,0
8322,1
8480,0
33682,1
8474,0
22251,0
33268,0
29220,1
32522,0
24572,0
20680,1
21790,1
24493,1
9845,1
23522,0
37154,1
36638,1
313,0
37696,0
14875,1
22216,1
34023,1
24002,1
16112,1
4194,1
25668,1
15035,0
19166,1
22377,1
6365,0
38529,0
15400,1
29784,1
4400,1
3875,0
21853,1
25393,1
13308,0
38611,0
6215,1
20368,1
3063,1
2115,0
18773,0
24148,1
5471,1
18749,0
9801,1
248,0
12407,0
40366,0
36565,1
31381,1
25236,0
21738,1
39886,0
29170,1
32302,0
27917,1
16155,0
9061,1
31577,1
31202,0
19289,1
30704,1
36293,0
16808,0
4550,0
593,0
16922,1
15541,0
16100,0
20941,1
9681,1
6793,0
4726,1
3946,1
29316,1
25486,1
28284,0
25943,1
6756,0
35859,1
14217,0
27800,0
7950,0
12263,1
36763,1
34962,0
25493,1
20430,1
38528,1
19057,0
30964,1
30236,0
15922,1
7672,1
83,1
979,1
15851,0
23910,0
5115,1
33042,1
19235,0
15505,0
2295,1
11081,0
4640,1
25166,0
13637,0
32281,0
12967,1
9303,0
13205,0
5523,1
27963,1
27269,0
5201,1
15341,0
25286,1
37225,1
12795,1
38979,1
25600,0
29785,1
26978,1
7049,0
16095,0
8901,0
7503,0
23484,0
7416,1
7090,0
3003,0
5128,0
34627,1
33647,1
18173,1
39884,0
3940,1
12421,1
20295,1
4775,0
4962,0
28008,1
27205,0
5610,1
9044,0
16584,1
15071,0
1684,0
19902,0
13464,1
16228,0
38389,0
330,0
6132,0
25597,1
19655,0
13451,1
19489,0
7070,0
21289,1
2692,1
33168,1
12208,0
27814,0
12212,0
4903,1
11823,1
33305,1
35645,1
7908,0
1800,1
9378,1
23186,1
10007,0
10448,0
29479,0
39058,1
15454,0
7638,1
39434,1
40311,0
36154,0
36682,1
10752,1
33841,0
738,0
709,1
39866,1
20675,0
13168,1
17020,1
341,0
40350,0
26936,1
25733,1
28053,1
37039,1
1594,1
38676,0
15112,1
14680,0
22468,1
12804,1
10284,0
37958,0
4351,1
29360,0
7449,1
9523,0
17484,0
31970,0
21610,1
25670,1
40436,1
36784,1
13620,1
17102,1
29178,0
27638,0
36128,0
24357,1
14874,1
7030,1
35556,1
24958,0
39549,1
12788,0
21418,1
6016,1
9880,0
3507,0
1549,0
5638,0
6874,0
37537,0
17287,0
1703,0
4068,1
2245,0
25890,0
35432,1
35108,1
23830,0
20048,1
35676,0
23256,1
7616,1
18486,0
37950,1
3566,1
37763,0
12101,1
41023,1
29255,1
10798,1
6514,1
3697,1
32029,0
36515,0
25379,0
22532,0
29556,1
2189,1
28289,1
19170,1
13353,0
29654,0
27244,1
21160,0
38230,1
18716,1
2916,1
29421,1
1888,1
23272,1
11247,1
10436,0
29102,1
25126,1
29537,1
648,1
19638,1
6491,1
17498,1
19943,1
19223,1
10012,0
31716,1
27517,1
13040,1
7981,0
22413,0
2207,1
31053,0
19482,1
11198,1
19412,1
34928,1
39738,1
9568,1
26668,1
36776,1
38468,1
239,0
22088,0
5233,0
32976,1
15988,1
2342,1
25893,1
14117,0
37547,1
31114,0
2294,1
29708,1
40967,1
2949,1
40618,0
35395,0
3693,1
31386,1
43,1
38374,0
21783,0
2672,0
36380,0
17980,0
26729,0
40775,0
26937,1
6813,0
312,0
22877,0
26447,1
18879,1
11242,1
33616,0
31579,0
23838,1
8450,1
16233,0
10353,0
38806,0
31828,0
28680,1
16332,1
40241,0
2571,1
9391,1
26360,1
15311,0
19580,0
21024,1
39732,1
831,0
1850,1
5174,0
10612,1
116,0
26882,1
14054,1
30596,1
399,1
21715,0
13608,1
32394,1
37195,1
27461,0
40255,1
13101,1
17339,1
17607,0
5045,0
15992,0
28818,1
20168,0
21763,0
14836,0
20809,1
26248,0
5172,0
23033,0
3988,0
36760,0
2828,0
18576,0
21165,1
41143,1
38150,0
21965,1
2725,1
32248,0
10838,0
12783,0
34831,0
39135,1
39406,1
13506,0
10229,0
39321,0
22776,0
30397,1
24082,1
22055,0
9793,1
15433,1
3530,0
10854,1
18335,1
37266,1
6224,0
37387,0
5040,1
23113,0
10917,1
27485,1
2448,0
40646,0
34280,1
22367,1
36588,0
13664,0
15888,0
7122,0
35460,0
38789,0
21257,0
19302,1
23617,1
2740,1
32308,1
3378,1
15711,1
27655,0
31702,1
15101,1
27256,1
35551,0
24315,1
20129,0
9693,1
35252,0
14803,1
9687,1
25319,0
14173,1
29297,0
26006,0
8147,1
15978,0
26311,1
36303,0
17588,0
35070,1
5908,0
37064,0
3245,0
35093,1
15368,0
35647,1
11532,0
5535,0
2213,0
40598,0
37333,1
959,0
618,1
22916,1
4308,0
39920,1
31284,1
10591,1
36979,0
27903,1
35653,1
14356,1
18927,1
7306,0
33711,0
15289,1
32601,1
9237,0
34093,0
3337,1
2965,1
15742,0
4771,1
11131,0
33346,1
30729,0
10013,0
33442,1
27565,1
30234,1
41085,0
16634,1
40621,0
18674,0
40066,0
28611,0
37695,0
4519,1
37929,1
34310,1
8178,0
14421,0
8707,0
28346,1
14788,1
25072,0
10026,0
19635,0
29155,0
18592,0
6631,1
10539,0
39523,1
20894,1
22777,0
31877,0
20635,1
39741,0
28563,1
30495,0
13649,0
31014,1
36078,0
12649,0
31911,1
40186,1
11070,0
28553,1
32244,1
30769,1
33588,0
36493,0
29132,1
16836,0
36043,1
39309,0
9647,0
25205,1
34052,1
31840,0
17051,1
32875,0
34389,1
3288,0
26712,1
20847,1
28079,0
11854,1
5936,1
15209,0
15612,1
21340,1
8829,0
22832,0
16341,1
8206,1
30384,0
29913,0
793,0
40115,0
38966,1
28582,0
40112,0
22533,1
27660,1
702,1
36794,0
24595,1
32527,1
991,1
30864,0
12503,1
21622,0
7705,1
12469,1
33786,1
37988,0
9358,1
41159,0
1889,0
39076,0
6832,1
15747,1
32116,1
13883,1
5018,0
30658,1
5325,0
40310,1
23354,1
35828,1
15219,1
16430,1
17931,1
2442,1
2974,1
22645,1
29390,1
1337,1
36975,1
10968,1
21239,1
24688,0
14339,1
31496,1
25565,1
33680,1
4810,1
18291,0
21690,1
5525,1
30122,0
4021,0
34252,0
33249,1
32763,1
38485,0
1397,0
33661,0
10444,0
26302,0
16680,0
32168,0
5923,0
31487,1
39591,1
29572,0
4955,1
7217,1
22379,1
1826,0
36407,0
18829,0
27774,1
20507,1
779,0
10339,1
3704,1
22194,1
38938,0
19699,1
36718,1
35981,1
29815,1
34661,1
283,1
38881,0
39109,0
26328,0
20578,0
29987,1
10311,0
40086,0
39865,0
14782,1
9288,1
5010,0
5598,1
14649,1
40622,0
11660,0
23014,1
23890,1
32368,1
18184,0
38176,1
30956,0
32259,1
15699,1
10214,0
21789,0
20715,0
28192,1
9761,0
35239,0
15771,1
33399,0
23968,0
32202,1
37442,1
28198,1
34545,0
11126,1
14943,1
7565,0
9022,0
35999,0
29626,0
3761,0
37217,0
9918,0
22196,1
2363,1
20821,0
18200,1
38182,1
10115,1
41128,0
20286,1
21645,0
1348,0
32632,0
12581,1
21084,1
18127,1
40996,1
21929,1
39366,0
16278,0
29476,1
20194,0
14169,0
12000,0
19931,1
9433,0
39457,1
13377,0
13013,1
21968,0
4040,1
538,1
11029,0
7646,1
35521,0
22342,0
977,1
23896,0
22479,1
21051,0
36960,1
4346,0
20476,1
18598,0
10263,1
36199,0
37160,0
33454,1
27992,1
29848,0
20552,0
31410,0
33207,1
25390,0
26146,0
25942,0
33041,1
33048,1
13363,0
34494,1
7870,1
5377,0
26445,1
15805,1
5775,1
6206,1
37984,0
8871,0
29458,1
8615,1
32767,1
38736,0
18345,0
6888,0
927,0
40742,0
15557,1
11048,0
22408,0
6890,1
37855,1
35609,0
34421,0
9591,1
37349,0
14360,1
31446,0
40051,0
35619,0
10941,0
33705,0
35957,0
39670,0
7462,0
8499,0
7680,0
18267,0
31319,1
15469,1
38823,0
19027,1
1710,1
25953,1
19247,0
27380,0
5215,0
28338,0
28168,0
34232,0
10876,1
33135,0
23568,1
18455,0
16828,1
25424,1
10036,1
3834,1
19301,1
4528,0
34818,0
9778,1
16084,0
39513,0
31344,0
21948,1
16294,1
28015,0
21830,0
35437,1
11195,0
7581,0
26082,1
14353,0
16871,0
317,0
2255,1
27085,0
7905,0
11980,0
33094,1
33131,1
24728,0
19697,1
19274,0
37910,1
29996,0
13511,0
31584,1
4943,0
11032,1
11852,1
24617,1
20657,1
2867,1
23986,0
4416,1
26680,0
4193,0
37542,0
26667,1
25028,0
30228,0
5847,1
9920,1
13538,1
1696,0
24221,0
20026,0
6592,0
31602,1
9618,0
39066,0
23974,0
30411,0
30352,1
21459,0
32341,1
19676,0
37806,0
18634,1
13916,0
6550,1
16359,1
13680,1
31466,0
4890,1
12147,0
11751,1
8476,0
6424,1
5292,0
10430,1
16599,0
37781,0
2577,1
33278,1
32309,0
36936,1
1490,0
24954,0
918,1
32080,1
23518,0
5883,1
20075,1
12283,0
21716,1
35670,0
31227,0
6418,0
29578,0
27415,1
35664,1
26645,1
26959,0
1661,1
20846,0
16666,0
10151,1
27576,0
30271,0
12257,1
24913,0
20052,1
27041,0
39579,1
25254,1
22358,1
5533,0
37244,1
24825,0
19557,0
27487,1
28345,0
19431,1
7155,1
5179,1
23566,1
8200,1
38215,1
22038,1
7678,0
33315,1
31591,1
6496,1
17324,1
10020,1
29744,0
23512,0
32665,1
18389,0
33612,0
8897,1
37530,1
19936,1
17737,1
16380,0
13290,0
37581,0
36729,0
36040,1
30861,1
39772,1
14791,1
18365,1
21599,0
18403,0
27341,0
29151,1
12745,1
38554,1
16270,0
24348,0
13330,1
8908,1
12163,0
23923,1
28825,0
10079,0
32973,0
16817,1
21410,0
578,1
4326,0
19537,0
21157,0
3831,1
32791,0
40947,1
29837,1
1092,0
6885,1
3799,1
31642,0
32943,1
5085,1
29183,1
710,1
41002,1
7822,0
11546,1
1732,1
33319,0
19564,0
2756,0
29946,0
3789,0
25985,0
5326,0
28150,1
38078,1
8171,1
5853,0
10880,0
12110,1
34015,1
21780,1
35910,1
22774,0
4246,1
17873,1
5872,0
14494,1
10512,1
21632,1
38315,0
33988,1
33822,1
5226,0
21907,1
1588,0
8288,1
16048,1
11449,1
21756,1
23819,0
4410,0
29333,0
7893,1
29004,1
19550,0
1837,1
31361,0
3529,0
38786,0
33232,0
37578,1
25877,1
23458,1
29743,1
2437,1
39035,0
19484,0
29567,1
33292,1
10299,1
4148,0
17222,0
20467,0
24414,0
26231,0
13819,1
1434,0
32010,1
4404,0
40625,0
40426,1
30623,1
22013,1
13332,0
31013,0
27218,1
15639,1
18362,0
38970,0
40797,1
28532,1
22509,1
21283,1
38880,1
10533,1
5304,0
37101,0
33483,0
28217,1
14940,0
10538,1
32903,0
32961,0
31866,1
13924,1
17531,1
31863,0
39595,0
23454,0
19917,0
21185,0
23699,1
36587,1
25412,0
20568,1
21156,0
8504,0
38402,1
23430,1
17496,0
13974,1
31203,0
31998,1
33778,1
13756,0
32487,1
3226,1
7266,0
17196,0
35616,0
15961,1
9048,0
6898,0
14057,1
30490,0
17208,0
98,0
16694,0
39633,0
14467,1
19458,0
29026,1
22961,1
28358,1
12618,0
993,0
13734,1
326,1
25608,1
4918,1
19678,1
33790,0
22334,0
23987,1
37729,1
6282,0
40750,0
32613,0
21549,1
32171,1
8592,0
21286,0
9312,1
7861,1
37365,0
18521,0
37813,1
28728,1
35802,0
16649,1
1411,1
21897,1
35084,0
31023,0
18671,0
18301,0
24633,1
34596,1
966,1
31190,0
3396,1
13064,1
1114,0
15809,1
21104,0
33716,0
33534,1
8931,1
17003,0
3031,1
33713,0
40512,0
32553,0
39140,0
33543,0
24402,0
20018,0
9803,1
2857,1
35486,1
29904,1
34847,0
6237,0
32258,1
14044,1
7831,1
28917,1
16088,0
4393,0
39375,0
5961,0
26348,0
17521,0
3938,0
20904,0
22945,1
18434,1
3252,1
17647,1
32539,0
24573,1
1510,1
33150,1
11601,0
21786,1
30416,1
19293,0
32633,1
20957,0
31569,0
38162,0
7264,0
10210,1
8153,0
3525,0
19679,0
40526,1
6646,1
3732,1
35448,0
11783,1
18191,0
31291,0
18725,1
28468,0
16366,1
33077,0
33492,1
39893,1
19452,1
17121,0
16502,1
2357,0
12414,0
38066,1
4339,0
11430,0
3826,1
13148,1
39868,1
16796,0
416,1
31950,0
18697,0
2222,0
9736,0
898,0
16505,0
24075,0
8939,0
12387,1
27450,0
31701,0
22090,1
41105,0
17915,0
36815,1
7811,0
4045,1
25041,0
5925,0
5548,0
35937,1
19104,1
23444,1
32936,0
27361,1
35591,1
40891,0
35385,0
26769,0
14865,0
7563,1
26362,0
26764,1
7002,0
34437,0
11797,0
22518,0
19647,1
35320,0
12378,1
22907,1
22241,1
16541,1
23931,1
24296,0
20899,0
35342,0
1723,0
26301,1
26642,0
28433,0
22964,0
32304,1
14933,1
34913,1
37374,0
30396,1
17162,1
36981,0
18286,1
8442,0
18149,0
21856,0
3623,1
7303,1
40527,0
20230,1
34250,0
21603,0
35861,1
39061,0
20196,0
15599,0
38392,0
31032,0
5455,1
40727,1
3633,1
6465,1
24434,1
32645,0
28101,0
36670,0
7665,0
30800,1
19011,1
16823,0
2109,0
36360,1
3401,0
16963,0
16342,1
33692,1
17011,0
12286,0
3806,0
23068,1
8331,1
36169,0
4229,1
20945,1
35641,0
7817,0
6923,1
16171,1
8140,0
19370,1
4562,0
2683,0
6271,0
37876,1
24886,1
21109,0
19044,1
16815,1
69,0
13253,0
13477,0
30855,0
13153,0
11270,0
14386,0
32783,1
11306,0
39433,0
32989,0
5511,0
1498,0
5536,1
10545,1
24925,0
242,1
3455,1
8337,0
16794,1
10397,0
26795,1
19742,1
30424,1
21977,0
26507,1
30636,1
29481,1
3263,0
31909,1
22471,0
36242,0
19286,0
7487,1
36162,1
11834,1
14737,1
16071,1
17416,1
873,1
11187,1
18209,1
13367,0
3578,1
22059,0
31690,1
22681,1
10080,0
21338,1
12048,1
4756,1
38003,1
24001,1
36770,0
25300,1
37478,1
13834,1
26466,0
3950,1
28499,0
36591,0
3790,0
25129,0
12681,1
2275,0
1882,1
39162,0
7475,1
32386,0
26403,1
3286,0
34264,0
24413,0
18737,0
30511,1
9538,0
26901,0
31662,1
16912,1
31038,0
14299,1
11488,1
38873,0
27247,1
27234,0
1707,1
1771,1
37903,1
34953,1
26939,0
20076,0
21553,1
18172,0
2383,1
12016,0
25365,0
31060,1
18084,0
2266,1
16196,1
6328,0
25967,1
12829,1
3776,1
6048,0
38846,0
1350,1
24419,0
7237,1
31922,1
26886,0
2874,0
24205,1
6556,0
40482,0
3474,1
2312,0
33936,0
11757,0
39377,0
9576,0
28475,1
21039,1
6478,1
10427,0
19269,1
30339,1
30163,1
649,0
29918,1
22899,0
37372,0
21428,0
31306,1
19176,0
3589,0
20631,1
18532,0
16387,1
37284,0
16503,0
26504,1
35893,1
6432,0
20345,1
14524,1
12184,0
13104,1
37363,0
186,1
40975,0
32893,1
28749,1
14500,1
10465,0
27389,1
36311,1
33134,0
764,1
26593,1
3847,1
23012,1
29379,0
32446,0
32070,1
14993,0
11699,1
39417,0
26717,0
14427,0
7613,1
24422,0
24758,1
647,1
36441,1
12486,0
733,1
36456,1
26244,1
14045,1
36725,0
20016,1
18342,1
38309,0
29737,1
27469,0
9296,1
4082,0
30321,0
165,0
33149,0
2705,1
26529,0
21455,1
28811,1
7497,0
16573,1
15601,1
31321,0
29767,1
31801,0
24190,0
27535,0
13247,0
34188,1
35886,1
23907,0
13438,1
26566,0
38701,0
22975,1
3893,0
19985,1
32564,1
3594,0
34182,0
8765,0
12854,0
26240,0
35674,0
5836,1
4445,0
11775,1
22036,1
28882,0
9986,1
30436,0
3184,1
12488,1
5218,1
12350,1
20062,0
27667,1
40516,1
34356,0
22724,1
27983,1
36765,0
3803,1
32774,0
10035,0
18049,0
22312,0
36492,0
1347,0
27224,1
33903,0
29221,1
28216,0
8892,0
31810,0
4207,1
6366,1
31045,1
22636,1
19732,1
16671,1
13196,0
15322,0
16185,0
18045,1
13941,0
23975,1
6946,1
24314,1
31247,1
36868,1
7324,0
9861,0
1632,0
10962,0
20840,1
26297,0
36148,1
35168,1
27537,0
15267,0
26055,0
30509,1
29343,0
28438,0
18718,1
13674,1
35589,0
12422,0
6769,1
21115,1
2602,1
23280,0
3753,1
25323,1
22714,0
13600,0
20006,0
3067,1
7024,1
17704,0
7577,1
39011,1
41016,0
28073,1
14273,1
26895,0
23693,0
35393,0
27618,0
18555,0
19970,0
10670,0
1183,0
20259,0
24551,0
23628,0
16583,1
628,1
36707,1
16293,0
2007,1
36229,0
25959,0
29235,0
14742,1
25638,0
4471,1
34055,0
376,1
7096,1
25982,0
31874,0
34330,0
8413,1
8057,1
25946,1
33524,0
40844,1
22118,0
27871,1
10424,1
19020,1
36166,1
1298,1
16792,1
23335,0
36782,1
27067,1
37905,0
8082,0
7339,0
2126,1
18306,0
19040,1
12050,1
6663,1
11904,0
11997,1
28096,1
30976,1
20290,1
26480,0
6650,0
40899,1
8795,0
19719,0
5869,0
17590,1
35157,1
36633,0
39907,1
31742,1
24863,0
24619,1
24678,0
20713,1
12484,0
28636,0
26007,0
4602,1
20970,1
31002,1
4737,1
26546,1
418,1
19193,0
8648,0
20371,1
18137,1
27647,1
33352,0
1260,0
14445,1
31141,1
14754,1
2564,0
12374,0
3021,1
13815,0
17244,1
1383,0
39636,0
20646,1
18794,1
24342,0
32056,0
4269,0
37933,1
32831,1
2518,1
29107,0
32678,0
20248,1
5762,0
39328,1
13938,0
39578,1
12335,0
36995,0
15767,0
12596,0
29216,1
30744,1
37519,0
21235,0
40980,0
30117,1
8394,1
1991,1
35663,1
38017,1
31254,1
942,0
4212,0
14832,0
33428,1
18670,0
13650,0
19688,1
19038,0
38822,0
40395,0
19749,1
21717,0
34512,0
22934,0
22552,1
11418,1
36093,1
34615,1
16726,0
3842,1
33637,0
4372,1
12619,1
14275,0
20520,1
33974,1
23135,1
27678,1
40445,0
32224,0
13863,1
16894,1
28507,1
626,1
35658,1
38739,0
26306,1
14310,0
33812,0
23868,1
16550,1
40966,0
41015,0
40268,0
26953,0
20482,1
3100,0
34050,0
13931,0
1959,1
25787,0
35273,1
25016,1
31448,0
30327,1
32640,1
34313,1
17179,0
23024,0
39265,1
19271,0
36696,0
28959,1
15673,0
34796,1
17362,1
38142,0
18411,1
27403,0
35580,1
952,1
3002,1
28962,0
32604,1
9826,1
27287,0
5386,1
35145,1
26238,1
18636,1
19824,1
34837,1
14137,1
28564,0
26998,0
20207,1
11105,1
35927,1
16377,0
34,0
4523,1
5388,1
32573,0
3758,1
8087,0
28559,1
23688,0
17624,0
1863,0
36033,1
6235,1
4169,0
11960,0
27817,0
16460,0
36031,1
38572,1
29428,1
40924,0
12702,0
2592,0
37210,1
29487,1
3833,0
13999,0
11942,0
10890,0
6686,0
6549,0
39306,1
30755,1
37289,1
39735,0
11107,1
3735,0
39658,0
40574,1
8279,0
29502,1
378,0
21808,1
28111,1
37757,0
12995,0
4844,0
16826,0
1793,0
27088,1
2165,0
36859,0
31758,1
33203,0
8501,1
8726,1
14926,1
34326,0
1761,1
6426,1
25304,0
8761,1
6747,1
31586,1
9211,1
37570,1
12234,1
19687,1
37074,0
24186,1
23129,0
8508,1
23689,1
40735,0
25884,1
5991,0
23224,1
34410,0
18223,0
26996,1
14711,1
200,1
23134,0
24867,1
22750,1
12969,1
35563,0
14804,0
3043,0
13822,1
6730,0
37213,0
29879,1
25994,1
23878,0
27998,1
38557,1
27136,0
4405,0
780,1
6181,0
33430,1
20083,1
11149,1
20580,1
20814,0
22400,1
7414,1
13832,0
34117,0
18685,0
26043,0
31576,0
1856,1
38325,0
27934,0
29269,1
16831,0
32166,1
2588,1
15666,1
31136,1
7911,1
39525,1
39647,1
25123,1
369,0
14049,1
28663,0
35244,1
9902,1
40701,1
9282,1
38913,1
18295,0
21758,1
36800,1
29147,1
21724,1
37460,1
8124,1
6399,1
39487,0
11568,1
5165,1
12423,0
18494,1
7183,1
13400,0
8993,0
39607,1
16003,1
4845,1
5595,1
36802,1
14603,1
40596,0
35177,0
38593,1
35749,1
1061,0
11768,0
5384,1
8858,1
24997,1
32084,0
11206,0
7109,0
18490,1
7270,1
23156,1
31382,0
27721,0
29736,0
8982,1
697,0
28977,1
19776,1
4235,1
13298,0
38936,0
20348,1
35637,1
745,1
1288,1
517,1
13951,1
7989,1
32270,1
32621,0
3128,1
6925,0
2896,0
34374,1
10552,1
6056,1
13867,1
36327,0
4341,0
14641,0
34585,1
13307,1
5742,1
15920,1
7880,1
27844,1
1086,1
12525,0
24898,1
18616,1
40540,0
3298,1
30051,0
13532,1
8354,1
36207,0
23210,1
24669,1
1717,0
3916,1
28685,1
17193,0
17237,1
30679,1
8105,1
26559,1
24347,0
37020,0
16674,1
24601,0
40547,1
37264,1
38683,1
1448,0
34887,0
18194,1
13204,0
30412,0
4342,1
32743,1
18487,1
34955,0
35033,1
37254,0
8467,0
27815,0
6492,0
4219,0
18881,1
36017,0
12073,0
15482,1
40229,1
20867,1
6062,1
2658,0
15951,1
20166,0
35337,1
20292,1
3707,0
28003,0
39223,0
7949,1
14623,0
21337,0
35106,1
24691,0
2894,0
39605,1
11118,1
34891,1
7738,0
29067,1
6204,1
39643,1
7568,1
25722,0
26964,0
33147,0
6528,0
31784,0
23571,1
38746,0
10351,0
24147,1
32246,1
11671,0
21287,0
1204,1
6379,1
7134,1
8304,1
11667,1
18770,0
4322,0
3820,0
3614,1
32822,0
15661,1
38843,0
37227,1
39251,1
24681,0
34599,1
15944,0
30579,1
18834,0
39358,1
8202,0
28121,0
19277,1
19535,0
18388,0
25406,1
20117,0
31914,0
11832,0
7028,1
35344,1
10192,1
3660,0
15777,1
6225,0
18339,0
33801,1
5916,1
28983,1
18025,0
5490,0
8569,0
13651,1
35728,0
6887,0
13681,0
28998,1
33288,0
26631,1
1496,1
14668,1
29982,0
32099,0
28969,1
25647,0
36645,1
17018,1
23860,1
18874,1
8445,1
28778,1
36276,1
28299,0
6948,0
37613,0
34459,0
36673,0
29279,1
21426,1
33463,0
13957,0
1248,1
29025,0
32091,0
14856,1
18843,0
11841,0
18176,1
27260,0
11541,1
12571,1
10746,0
13529,0
15393,1
16985,0
8763,0
25949,0
26388,0
5371,0
15364,0
19012,0
6388,1
34651,1
15864,1
13953,1
7250,0
17595,1
34146,0
37406,0
17291,1
22629,0
18272,0
12524,1
30082,1
34322,1
19140,1
32827,1
279,0
21798,0
36365,1
14881,1
37048,1
22893,0
30687,0
13825,0
14871,1
9769,1
40083,1
2305,1
22868,0
2350,1
19637,1
3155,0
8091,1
34715,0
29690,0
29939,0
7168,0
12088,0
9183,1
19321,1
18647,1
9206,0
28248,1
24149,0
30130,1
38898,1
12710,1
16111,1
16914,1
23041,1
29633,1
17847,1
17364,0
22814,0
39863,1
39086,0
39601,0
38648,1
3068,1
13713,0
17407,0
5780,0
28257,1
1758,1
24453,1
38811,1
2754,1
15497,0
11098,1
19210,0
21126,0
36214,0
30463,1
33105,0
8786,0
16660,0
5821,0
20216,1
40756,0
28456,1
8170,0
24978,0
25698,1
31342,1
12954,1
21835,0
1575,0
22179,1
27930,0
35825,0
11591,0
20630,0
28898,0
6865,1
21401,1
35474,0
36985,1
37121,1
17819,0
14597,1
20182,0
25472,0
38079,1
20341,1
3585,1
32193,1
1227,0
21504,0
36010,1
8944,0
33550,1
18317,1
11645,0
10593,1
31185,1
25468,0
2960,0
17720,1
5657,1
33064,1
22111,1
11976,0
37124,0
7685,0
11592,1
3914,0
32590,1
29646,0
32877,0
40582,0
35945,0
1181,1
6863,0
28796,0
4428,0
1433,1
21616,1
21595,0
22902,1
8923,1
15558,1
40380,0
4292,1
31694,1
37611,1
10496,0
34824,0
26830,1
2879,0
14285,0
11121,0
14128,1
5940,1
9116,1
39014,0
23175,0
38568,0
36535,0
15199,0
1904,0
39297,1
1197,1
758,1
13909,1
39096,0
37000,0
5579,1
40751,1
30162,0
8249,1
34977,1
4699,1
35305,1
9062,1
19313,1
36253,1
29704,1
5356,0
28575,1
33864,0
14470,0
31026,0
36910,0
16441,0
8054,0
14682,1
38171,0
1182,1
3197,0
9480,1
38432,1
7538,1
23069,1
3189,0
12140,1
1500,1
2142,0
29618,1
35056,1
7003,1
13976,0
19949,0
16398,1
3850,0
38201,0
2847,0
1147,0
27277,1
21840,0
34075,1
33847,0
19148,0
32480,0
35185,1
15292,1
23737,0
6889,1
21987,1
32177,1
16297,0
17348,0
13259,1
12522,1
26405,1
41129,0
18167,1
9165,0
8517,0
28148,0
1741,1
11461,1
36460,1
15974,1
31173,1
6911,0
11925,0
15092,1
31151,0
6936,0
21928,0
17385,0
31734,1
35117,0
2854,0
7569,0
22283,0
14447,0
10146,0
33752,1
8613,1
22303,1
4921,0
31144,0
37282,0
14132,0
30070,0
7431,1
36102,0
16768,1
22325,0
3451,0
38156,0
31265,0
36989,1
13596,1
29399,1
32931,1
37001,1
11988,0
39119,0
18053,1
32688,1
4253,0
2053,1
33293,1
23884,0
38762,1
25271,1
14583,1
3592,1
16264,1
32121,0
19268,1
33771,1
2617,0
28606,1
28709,0
38417,1
14163,1
33256,0
12653,1
37400,0
14513,0
22732,0
14741,1
22535,0
15384,0
18575,0
12223,1
34854,0
29500,1
27158,1
39765,1
36347,1
28364,1
29056,1
21440,0
37663,1
10675,1
15004,1
39667,1
6527,0
25356,1
32036,0
30312,0
9354,0
40911,0
17571,0
14029,0
26492,0
5078,0
6262,0
41039,0
16132,0
2071,1
6197,0
15821,0
35112,1
40872,0
3296,1
22198,0
3202,1
2034,1
11215,0
19407,0
264,0
19165,1
38305,1
9747,1
8435,1
28116,0
7388,1
32118,1
33000,0
16545,0
3481,1
7369,1
6585,0
23652,1
40307,1
18391,0
14929,1
12781,0
31697,1
6354,0
11031,1
24641,1
4641,0
6244,0
25321,1
8909,0
39180,1
26341,0
37850,0
24232,0
25579,0
19102,1
20072,0
23338,1
26154,1
1719,0
23687,1
9189,1
3053,1
32512,0
16657,0
31156,1
6860,0
36997,0
22637,0
30943,0
1097,1
7119,1
33559,1
24139,0
32616,0
32228,0
4805,0
4900,0
19713,1
31630,0
7117,0
6216,1
15220,1
12133,0
21060,1
23409,1
28336,0
25388,0
15177,1
36913,1
27416,0
23933,1
29429,0
26692,1
29488,1
18578,0
20573,0
11245,0
9571,0
39462,0
22101,1
19415,1
38734,0
8293,1
6053,0
34813,0
16981,0
6746,0
9987,1
23314,0
196,0
16229,0
21355,0
38748,1
17664,1
5264,1
17479,1
30182,1
4335,1
8248,1
21382,1
29046,0
26688,0
23427,1
16098,0
4707,1
40393,1
8745,0
15902,1
19146,0
24896,0
39704,0
18525,0
26048,1
40375,0
38778,0
18695,0
4634,1
18379,0
32907,1
9370,1
35047,1
6879,1
11234,0
20730,0
20415,1
39659,0
36818,0
4592,0
28377,1
16936,1
9547,0
34951,0
39630,1
36147,0
23516,1
12341,0
21014,1
26286,1
7821,1
14916,0
12757,1
32911,1
21027,0
6149,1
25648,1
14958,1
27864,0
5746,0
35161,1
28789,0
28376,0
6596,1
21385,1
21358,1
18012,1
34769,1
18558,1
10389,1
12053,1
39390,1
38409,1
34969,1
15069,0
6272,0
8230,1
12181,1
12135,0
21807,1
8677,0
14366,0
12858,0
960,1
26430,1
29870,1
6000,0
181,0
12701,0
14412,0
22833,0
4028,0
3645,0
37398,0
20817,0
10091,1
13759,0
32684,0
10755,1
32343,1
19438,0
31722,0
16570,1
21582,1
32723,0
31397,1
5975,1
8194,0
12348,1
5140,1
33726,1
37445,0
28503,1
38713,1
27604,1
39571,0
39997,0
24706,0
38895,1
24948,0
28118,1
27508,0
26194,1
31077,0
13988,1
15030,1
10333,0
4480,1
26273,0
32494,0
13150,1
27443,0
14936,0
8755,1
19348,1
9311,0
6814,0
1377,0
40521,1
5298,1
26638,1
6725,0
8132,1
27836,1
7640,1
24210,1
4420,1
38238,0
19882,1
23077,0
17503,0
12519,1
9469,0
17220,0
30557,0
40174,1
134,0
21532,1
40896,1
29590,0
36076,1
14073,0
4227,0
41038,1
9598,0
3406,1
7323,1
25562,1
5557,0
11636,0
32656,0
10245,1
34895,1
6597,1
3211,1
4057,1
23085,1
36830,1
20355,0
7779,0
17024,1
15875,1
25410,1
13356,1
3165,0
18868,1
18207,1
26914,1
32516,0
39760,0
13729,1
8899,1
22021,0
26245,0
14222,1
8976,1
3923,1
16818,0
18197,1
18461,0
3905,1
5824,0
32027,0
29261,1
36447,0
9743,1
28153,1
28059,0
23083,0
27449,0
40974,1
36731,1
38921,1
20001,0
28106,0
30961,0
32850,0
18952,1
17930,1
16330,0
12036,1
38925,1
11281,0
2848,1
37168,0
14976,1
2799,0
29307,0
23008,1
33389,1
19632,1
39435,1
31015,1
18937,0
4396,0
37015,0
8362,1
4538,0
27664,0
25383,1
20718,1
34794,0
2955,0
30147,0
11865,1
29814,0
40334,1
15039,0
10801,1
6978,1
1390,1
1039,0
21707,0
33857,1
7419,1
20859,1
19025,0
36410,1
1896,0
34514,1
38434,1
27298,1
9441,0
38844,0
9027,1
39155,1
40777,0
11791,0
24674,1
1318,0
8047,0
21036,1
8889,1
2676,1
3945,0
5068,0
31090,0
9051,1
19525,0
19449,1
37587,0
17726,0
32928,0
29520,0
3541,0
37636,0
30097,1
24482,0
4469,0
7605,1
20777,1
34649,0
8913,0
23592,1
19496,0
33940,0
28524,0
34141,0
8986,1
8489,0
31797,0
10045,0
19107,1
23855,1
3839,1
16106,0
16180,1
2310,0
8049,1
35729,1
38896,0
34764,0
3673,1
2457,0
7653,0
24008,0
35210,1
9936,0
35403,1
38026,1
11487,1
13053,1
16362,0
31928,1
24068,1
39103,0
18444,0
12528,0
13364,1
27677,0
28711,0
32706,0
41132,0
623,1
27494,1
34116,0
26109,0
39777,0
5732,0
23245,0
17365,0
34864,1
38664,0
12574,1
35770,1
37671,0
39323,0
33944,1
6604,1
23873,1
15363,1
20218,1
1296,0
19398,0
15984,1
31930,0
12307,0
31755,1
33119,1
25238,0
20579,1
586,0
7724,0
26288,0
28520,0
4667,1
31525,1
1026,1
2578,1
21502,0
2987,1
39415,1
27623,1
35724,0
22982,0
11919,1
4879,1
27406,1
15018,1
13131,0
6018,1
17115,0
34229,0
6253,0
22563,0
5740,0
27899,1
3025,1
11015,1
4058,1
7743,0
29262,0
6536,0
2091,1
13630,0
21431,0
21994,0
30710,0
12535,1
5336,1
32160,1
33216,1
10370,0
38487,0
12760,1
9225,1
31071,1
8106,1
35744,0
39033,0
23367,1
18849,1
40669,0
17041,0
22951,1
28972,1
19185,1
24802,0
16613,1
9038,0
30333,1
29790,1
29915,1
18963,0
17355,0
10999,0
23832,1
9103,0
7515,1
21003,1
31040,0
2943,1
2548,1
4679,1
32459,0
17965,0
6666,0
29459,0
31299,1
21981,1
27119,1
33533,1
40008,1
30212,1
21620,1
28808,1
31229,0
12732,0
10542,1
5394,0
18363,0
19243,1
19979,0
16186,1
1564,0
41112,0
27839,1
31945,1
36025,1
16675,1
36907,1
35792,0
36755,1
7800,1
12277,1
3734,1
25724,1
38427,1
19150,1
22811,1
31134,1
16379,0
20807,1
25252,1
20315,1
35166,1
37112,1
32267,1
11478,1
5694,1
16597,1
34187,1
7268,0
23002,0
34550,0
35221,0
10050,1
23366,1
2001,1
18153,0
27426,0
38700,0
24927,0
7753,1
34162,0
29673,0
15553,0
4981,1
10820,0
19021,1
2900,0
33359,0
31516,1
30533,1
28990,0
38974,1
40920,0
29887,1
28913,0
4430,1
30900,1
37407,0
1387,0
16168,0
32108,0
13842,1
37907,0
34803,0
344,0
17446,1
6778,0
2254,1
8844,1
7285,0
37579,1
36232,1
39864,1
36578,1
1815,1
32240,1
139,0
904,1
31133,1
19700,0
120,1
20990,0
32611,1
11373,0
28428,0
9123,0
19006,1
19291,1
15181,1
9588,0
39845,0
11756,0
34373,1
24717,1
23045,0
32126,0
12248,1
12904,0
24840,1
19147,0
19791,0
39602,1
38008,0
9426,1
36664,1
37235,1
21279,1
17433,1
31943,1
35504,0
9728,1
5341,0
6580,1
32064,0
16358,1
27557,1
18954,1
40993,1
15423,1
6483,1
23182,1
5686,1
22442,1
9831,1
32525,1
1794,0
24952,0
10650,1
29692,1
6311,0
6199,0
40768,0
21072,1
39840,0
20642,0
22805,0
30353,0
9830,0
20007,0
14722,1
35764,0
19392,0
4620,1
4305,1
7643,1
38976,0
37057,1
4579,1
14452,0
28661,1
25456,0
39981,0
38359,1
33558,1
11450,0
11056,0
18729,0
14490,1
15125,1
36769,1
36887,1
18628,1
17411,1
26825,0
25960,0
8617,0
7920,1
23217,0
25119,1
9633,0
31492,1
1613,1
20097,1
12859,1
27308,1
17874,0
13295,1
4159,1
25550,1
7701,0
6169,0
119,1
15520,1
1534,0
3452,0
19992,0
35873,1
35301,1
1555,0
18290,0
31937,0
35008,1
8735,1
2041,1
35039,1
40243,0
19786,0
31333,0
23742,0
21670,1
38625,0
15382,0
2117,0
13114,0
15610,0
12508,0
2647,1
39562,0
27451,1
35162,1
37951,0
5764,0
24645,0
14458,1
18960,1
21306,0
20206,1
18175,0
14083,0
21820,1
7191,0
4613,0
39172,0
29812,0
5705,0
30488,0
8145,1
21543,1
10111,0
31084,0
7573,0
30282,1
5189,1
13098,1
31682,1
36306,1
35819,1
4783,0
34689,1
22349,0
16549,0
15280,0
33198,1
1516,0
1275,0
19866,0
25408,0
20965,0
827,1
7571,0
9100,0
29924,0
5026,1
4985,0
2215,0
26381,0
26463,0
8020,0
2009,0
8869,1
39883,0
1812,0
16031,0
28304,0
21967,1
37275,1
512,0
14886,1
17067,0
31464,1
35575,1
39689,0
15606,1
32421,1
9172,1
4660,1
30142,0
36649,0
27196,0
31256,0
21496,1
24095,1
640,0
23891,0
2434,1
40758,0
35049,1
1456,0
37408,1
31787,0
26108,0
32629,1
29676,1
26608,1
20818,0
31404,0
24407,0
17381,0
7686,0
30279,1
37524,0
40040,0
34548,0
40459,0
22903,0
9448,0
36510,1
15999,0
28265,1
36944,1
40454,0
7478,0
19822,1
37313,0
25918,1
37206,1
14149,0
241,0
4170,1
15335,1
33136,1
35717,0
41140,1
39082,0
40615,0
22827,1
18241,1
3287,1
15727,0
24088,1
21766,0
39495,0
38793,0
2946,1
5551,1
14543,1
2638,1
11265,1
40606,0
23263,1
33244,0
8372,1
35293,1
33779,1
3882,1
25015,0
2191,1
18583,1
23942,1
9733,0
24786,0
4730,0
35458,1
5989,1
29695,1
6400,1
26088,1
28342,1
28777,1
21983,0
3580,0
18783,1
14061,0
19042,0
36339,0
39491,0
21619,1
23152,0
35800,0
26209,1
32603,1
31239,0
14763,1
34478,1
28209,1
986,1
14159,1
25055,1
122,1
28288,0
1053,1
26434,0
25374,0
902,1
17452,1
3208,1
10237,0
29901,0
10287,1
2074,1
12792,1
36692,1
7964,0
31903,1
29933,1
37351,1
30590,0
36428,0
6708,1
35483,1
23971,0
36837,0
28300,1
35174,1
2304,1
19114,0
11551,0
2499,0
20985,0
11355,0
850,1
13005,0
25624,1
5434,1
23090,0
9349,1
10173,1
38607,0
28692,0
11296,0
18759,1
23001,1
24589,1
3309,1
23766,0
939,1
32967,1
1644,1
36337,0
11451,0
19976,1
34340,1
10919,1
32617,0
37361,1
2095,0
25970,0
33193,0
20077,0
18398,1
35350,0
35260,1
5048,1
38120,0
1994,1
34408,0
3703,0
13533,0
20697,1
9451,1
18652,0
40542,0
17841,0
212,0
20989,1
7589,0
6542,1
1662,1
4772,1
33283,1
9242,1
3601,1
39150,0
38610,0
30515,0
31488,1
15348,0
3493,1
19860,0
23494,1
4036,1
23961,1
15617,0
6996,1
15134,0
39951,1
10405,1
26541,0
11327,1
4380,1
41050,0
6081,1
8099,1
10127,0
39983,0
19378,0
40003,0
40837,1
16451,0
12383,0
40728,1
8368,0
34165,0
29202,0
20442,0
1520,1
18086,0
31789,1
38136,1
41087,0
21002,1
33426,0
11868,1
22022,0
28137,1
27979,0
25800,1
37471,1
16807,1
12322,0
23440,0
29431,0
16627,0
1871,0
